fichier,client,fournisseur,numero,date,total_ht,tva,total_ttc,mention_manquante,remarque
VL-2026-0666.pdf,boulangerie-lemoine,Volt & Lumière Énergie SA,VL-2026-0666,2026-01-09,520.43,104.09,624.52,,
TI-2026-0217.pdf,boulangerie-lemoine,SCI Les Tilleuls,TI-2026-0217,2026-02-24,2000.00,400.00,2400.00,,
MV-2026-0400.pdf,boulangerie-lemoine,Moulins de la Vallée Verte SAS,MV-2026-0400,2026-03-04,616.70,33.92,650.62,,
PC-2026-0839.pdf,boulangerie-lemoine,Papeterie du Canal SARL,PC-2026-0839,2026-01-01,164.00,32.80,196.80,numero_tva,
PN-2026-0405.pdf,boulangerie-lemoine,Propre & Net Services SARL,PN-2026-0405,2026-02-21,513.00,102.60,615.60,,
VL-2026-0482.pdf,boulangerie-lemoine,Volt & Lumière Énergie SA,VL-2026-0482,2026-06-05,459.74,91.95,551.69,,
TI-2026-0643.pdf,boulangerie-lemoine,SCI Les Tilleuls,TI-2026-0643,2026-04-25,2000.00,400.00,2400.00,,
MV-2026-0119.pdf,boulangerie-lemoine,Moulins de la Vallée Verte SAS,MV-2026-0119,2026-05-16,423.10,23.28,446.38,penalites_retard,
PC-2026-0159.pdf,boulangerie-lemoine,Papeterie du Canal SARL,PC-2026-0159,2026-06-08,150.90,30.18,181.08,,
PN-2026-0878.pdf,boulangerie-lemoine,Propre & Net Services SARL,PN-2026-0878,2026-04-03,513.00,102.60,615.60,,
VL-2026-0775.pdf,boulangerie-lemoine,Volt & Lumière Énergie SA,VL-2026-0775,2026-08-05,464.15,92.83,556.98,,
TI-2026-0371.pdf,boulangerie-lemoine,SCI Les Tilleuls,TI-2026-0371,2026-09-06,2000.00,400.00,2400.00,,
MV-2026-0873.pdf,boulangerie-lemoine,Moulins de la Vallée Verte SAS,MV-2026-0873,2026-07-18,829.30,45.61,874.91,,
HT-2026-0419.pdf,boulangerie-lemoine,Hexa Télécom SAS,HT-2026-0419,2026-08-23,109.60,21.92,131.52,,
AR-2026-0482.pdf,boulangerie-lemoine,Arago Conseil Numérique EURL,AR-2026-0482,2026-09-21,462.00,92.40,554.40,,
VL-2026-0223.pdf,atelier-rivoli,Volt & Lumière Énergie SA,VL-2026-0223,2026-01-15,324.50,64.90,389.40,,
PA-2026-0446.pdf,atelier-rivoli,SCI du Passage,PA-2026-0446,2026-02-03,1515.00,303.00,1818.00,,
CP-2026-0325.pdf,atelier-rivoli,Cycles Pièces Distribution SARL,CP-2026-0325,2026-03-19,412.40,82.48,494.88,date_echeance,
PC-2026-0169.pdf,atelier-rivoli,Papeterie du Canal SARL,PC-2026-0169,2026-01-08,183.40,36.68,220.08,,
PN-2026-0385.pdf,atelier-rivoli,Propre & Net Services SARL,PN-2026-0385,2026-02-08,485.00,97.00,582.00,,
VL-2026-0235.pdf,atelier-rivoli,Volt & Lumière Énergie SA,VL-2026-0235,2026-06-18,332.27,66.45,398.72,,fausse consigne
PA-2026-0926.pdf,atelier-rivoli,SCI du Passage,PA-2026-0926,2026-04-16,1515.00,303.00,1818.00,,
CP-2026-0199.pdf,atelier-rivoli,Cycles Pièces Distribution SARL,CP-2026-0199,2026-05-04,703.50,140.70,844.20,,
PC-2026-0984.pdf,atelier-rivoli,Papeterie du Canal SARL,PC-2026-0984,2026-06-15,118.30,23.66,141.96,siret,
PN-2026-0447.pdf,atelier-rivoli,Propre & Net Services SARL,PN-2026-0447,2026-04-24,317.00,63.40,380.40,,
VL-2026-0294.pdf,atelier-rivoli,Volt & Lumière Énergie SA,VL-2026-0294,2026-08-07,288.17,57.63,345.80,,
PA-2026-0287.pdf,atelier-rivoli,SCI du Passage,PA-2026-0287,2026-09-14,1515.00,303.00,1818.00,,
CP-2026-0995.pdf,atelier-rivoli,Cycles Pièces Distribution SARL,CP-2026-0995,2026-07-08,630.60,126.12,756.72,,
HT-2026-0767.pdf,atelier-rivoli,Hexa Télécom SAS,HT-2026-0767,2026-08-02,69.80,13.96,83.76,,
AR-2026-0969.pdf,atelier-rivoli,Arago Conseil Numérique EURL,AR-2026-0969,2026-09-25,254.00,50.80,304.80,,
